INSERT INTO "projects" VALUES ("COMIC", "COMIC", "ESPRIT", "100000");
INSERT INTO "projects" VALUES ("OSCAR", "OSCAR", "SERC", "23400");
INSERT INTO "projects" VALUES ("GUIDE", "Guide", "SERC", "34100");
INSERT INTO "projects" VALUES ("MCSCW", "Multimedia and CSCW", "SERC", "19782");
INSERT INTO "projects" VALUES ("AN", "Advanced Nextology", "NERC", "51200");
INSERT INTO "department" VALUES ("COMP", "Computing", "SECAMS Building");
INSERT INTO "department" VALUES ("NEXT", "Nextology", "Nexto Building");
INSERT INTO "staff" VALUES ("JF", "J. ", "Finney", "Lecturer", "PhD", "COMP");
INSERT INTO "staff" VALUES ("JAM", "J.A. ", "Mariani", "Senior Lecturer", "PhD", "COMP");
INSERT INTO "staff" VALUES ("GSB", "G.S. ", "Blair", "Senior Lecturer", "PhD", "COMP");
INSERT INTO "staff" VALUES ("ND", "N. ", "Davies", "Professor", "PhD", "COMP");
INSERT INTO "staff" VALUES ("BB", "B. ", "Bear", "Professor", "BA", "NEXT");
INSERT INTO "work_on" VALUES ("JAM", "COMIC", "1994", "1998");
INSERT INTO "work_on" VALUES ("JAM", "OSCAR", "1989", "1991");
INSERT INTO "work_on" VALUES ("ND", "GUIDE", "1997", "1999");
INSERT INTO "work_on" VALUES ("JF", "GUIDE", "1998", "1999");
INSERT INTO "work_on" VALUES ("GSB", "MCSCW", "1990", "1994");
INSERT INTO "work_on" VALUES ("BB", "AN", "1985", "1989");
INSERT INTO "courses" VALUES ("MM", "Multimedia Systems", "361", "3rd", "COMP");
INSERT INTO "courses" VALUES ("IOS", "Introduction to Operating Systems", "112c", "1st", "COMP");
INSERT INTO "courses" VALUES ("DB", "Databases", "242", "2nd", "COMP");
INSERT INTO "courses" VALUES ("PA", "Programming in Assembler", "111a", "1st", "COMP");
INSERT INTO "courses" VALUES ("BN", "Basic Nextology", "110", "1st", "NEXT");
INSERT INTO "give_course" VALUES ("JF", "MM");
INSERT INTO "give_course" VALUES ("ND", "MM");
INSERT INTO "give_course" VALUES ("GSB", "IOS");
INSERT INTO "give_course" VALUES ("JAM", "DB");
INSERT INTO "give_course" VALUES ("JAM", "PA");
INSERT INTO "give_course" VALUES ("BB", "BN");
